/*
SQLyog Enterprise - MySQL GUI v8.05 
MySQL - 5.5.16 : Database - orangehrm_saas_chevron
*********************************************************************
*/


/*!40101 SET NAMES utf8 */;

/*!40101 SET SQL_MODE=''*/;

/*!40014 SET @OLD_FOREIGN_KEY_CHECKS=@@FOREIGN_KEY_CHECKS, FOREIGN_KEY_CHECKS=0 */;
/*!40101 SET @OLD_SQL_MODE=@@SQL_MODE, SQL_MODE='NO_AUTO_VALUE_ON_ZERO' */;

CREATE DATABASE /*!32312 IF NOT EXISTS*/`orangehrm_saas_chevron` /*!40100 DEFAULT CHARACTER SET latin1 */;

USE `orangehrm_saas_chevron`;

/*Table structure for table `ACCESSIBLE_MODULE` */

DROP TABLE IF EXISTS `ACCESSIBLE_MODULE`;

CREATE TABLE `ACCESSIBLE_MODULE` (
  `ID` int(11) NOT NULL AUTO_INCREMENT,
  `NAME` varchar(45) DEFAULT NULL,
  `URL` varchar(255) DEFAULT NULL,
  `NEXT_SEQUENCE_ID` varchar(45) DEFAULT NULL,
  `ROLE_ID` int(11) DEFAULT NULL,
  `ACCESSIBLE_MODULE_GROUP_ID` int(11) DEFAULT NULL,
  `PREV_SEQUENCE_ID` varchar(45) DEFAULT NULL,
  PRIMARY KEY (`ID`),
  KEY `fk_ACCSSIBLE_MODULE_ROLE1_idx` (`ROLE_ID`),
  KEY `fk_ACCSSIBLE_MODULE_ACCESSIBLE_MODULE_GROUP1_idx` (`ACCESSIBLE_MODULE_GROUP_ID`),
  CONSTRAINT `fk_ACCSSIBLE_MODULE_ACCESSIBLE_MODULE_GROUP1` FOREIGN KEY (`ACCESSIBLE_MODULE_GROUP_ID`) REFERENCES `MODULE_GROUP` (`ID`) ON DELETE NO ACTION ON UPDATE NO ACTION,
  CONSTRAINT `fk_ACCSSIBLE_MODULE_ROLE1` FOREIGN KEY (`ROLE_ID`) REFERENCES `ROLE` (`ID`) ON DELETE NO ACTION ON UPDATE NO ACTION
) ENGINE=InnoDB AUTO_INCREMENT=36 DEFAULT CHARSET=latin1;

/*Data for the table `ACCESSIBLE_MODULE` */

insert  into `ACCESSIBLE_MODULE`(`ID`,`NAME`,`URL`,`NEXT_SEQUENCE_ID`,`ROLE_ID`,`ACCESSIBLE_MODULE_GROUP_ID`,`PREV_SEQUENCE_ID`) values (1,'days','/days','',1,1,NULL),(2,'employee','/employee','',1,1,NULL),(3,'language','/language',NULL,1,1,NULL),(4,'fields','/fields',NULL,1,1,NULL),(5,'jobCategory','/jobCategory','',1,1,NULL),(6,'role','/role','',1,1,NULL),(7,'PIM','/pim','',2,1,NULL),(20,'employeelist','/pim/employeelist','',2,1,NULL),(21,'employeeadd','/pim/add','',2,1,NULL),(22,'employeedetails','/pim/details','23',2,1,NULL),(23,'employeecontactdetails','/pim/contactdetails','24',2,1,'22'),(24,'employeedependets','/pim/dependents','25',2,1,'23'),(25,'employeeimmigrations','/pim/immigrations','26',2,1,'24'),(26,'employeejob','/pim/job','32',2,1,'25'),(27,'employeesave','/pim/save','',2,1,NULL),(28,'employeesavecontactdetails','/pim/savecontactdetails','',2,1,NULL),(29,'employeesavedependents','/pim/savedependents','',2,1,NULL),(30,'employeesaveimmigrations','/pim/saveimmigrations','',2,1,NULL),(31,'employeesavejob','/pim/savejob','',2,1,NULL),(32,'employeereportto','/pim/reportto',NULL,NULL,NULL,'26'),(33,'employeesavereportto','/pim/savereportto',NULL,NULL,NULL,NULL),(34,'leavesummary','/leave/leavesummary',NULL,NULL,NULL,NULL),(35,'leaveassign','/leave/assign',NULL,NULL,NULL,NULL);

/*Table structure for table `ACCOUNT_TYPE` */

DROP TABLE IF EXISTS `ACCOUNT_TYPE`;

CREATE TABLE `ACCOUNT_TYPE` (
  `ID` int(11) NOT NULL AUTO_INCREMENT,
  `NAME` varchar(45) DEFAULT NULL,
  `CODE` varchar(45) DEFAULT NULL,
  `DIRECT_DEPOSIT_ID` int(11) DEFAULT NULL,
  PRIMARY KEY (`ID`),
  KEY `fk_ACCOUNT_TYPE_DIRECT_DEPOSIT1_idx` (`DIRECT_DEPOSIT_ID`),
  CONSTRAINT `fk_ACCOUNT_TYPE_DIRECT_DEPOSIT1` FOREIGN KEY (`DIRECT_DEPOSIT_ID`) REFERENCES `DIRECT_DEPOSIT` (`ID`) ON DELETE NO ACTION ON UPDATE NO ACTION
) ENGINE=InnoDB DEFAULT CHARSET=latin1;

/*Data for the table `ACCOUNT_TYPE` */

/*Table structure for table `APPROVAL` */

DROP TABLE IF EXISTS `APPROVAL`;

CREATE TABLE `APPROVAL` (
  `ID` int(11) NOT NULL AUTO_INCREMENT,
  `DATE` date DEFAULT NULL,
  `NOTE` varchar(45) DEFAULT NULL,
  `APPROVAL_STATUS_ID` int(11) DEFAULT NULL,
  `APPROVAL_LEVEL_ID` int(11) DEFAULT NULL,
  PRIMARY KEY (`ID`),
  KEY `fk_APPROVAL_APPROVAL_STATUS1_idx` (`APPROVAL_STATUS_ID`),
  KEY `fk_APPROVAL_APPROVAL_LEVEL1_idx` (`APPROVAL_LEVEL_ID`),
  CONSTRAINT `fk_APPROVAL_APPROVAL_LEVEL1` FOREIGN KEY (`APPROVAL_LEVEL_ID`) REFERENCES `APPROVAL_LEVEL` (`ID`) ON DELETE NO ACTION ON UPDATE NO ACTION,
  CONSTRAINT `fk_APPROVAL_APPROVAL_STATUS1` FOREIGN KEY (`APPROVAL_STATUS_ID`) REFERENCES `APPROVAL_STATUS` (`ID`) ON DELETE NO ACTION ON UPDATE NO ACTION
) ENGINE=InnoDB DEFAULT CHARSET=latin1;

/*Data for the table `APPROVAL` */

/*Table structure for table `APPROVAL_LEVEL` */

DROP TABLE IF EXISTS `APPROVAL_LEVEL`;

CREATE TABLE `APPROVAL_LEVEL` (
  `ID` int(11) NOT NULL AUTO_INCREMENT,
  `NAME` varchar(45) DEFAULT NULL,
  `CODE` varchar(45) DEFAULT NULL,
  PRIMARY KEY (`ID`)
) ENGINE=InnoDB DEFAULT CHARSET=latin1;

/*Data for the table `APPROVAL_LEVEL` */

/*Table structure for table `APPROVAL_STATUS` */

DROP TABLE IF EXISTS `APPROVAL_STATUS`;

CREATE TABLE `APPROVAL_STATUS` (
  `ID` int(11) NOT NULL AUTO_INCREMENT,
  `NAME` varchar(45) DEFAULT NULL,
  `CODE` varchar(45) DEFAULT NULL,
  PRIMARY KEY (`ID`)
) ENGINE=InnoDB DEFAULT CHARSET=latin1;

/*Data for the table `APPROVAL_STATUS` */

/*Table structure for table `CONTACT_DETAILS` */

DROP TABLE IF EXISTS `CONTACT_DETAILS`;

CREATE TABLE `CONTACT_DETAILS` (
  `ID` int(11) NOT NULL AUTO_INCREMENT,
  `ADDRESS_STREET_1` varchar(45) DEFAULT NULL,
  `ADDRESS_STREET_2` varchar(45) DEFAULT NULL,
  `CITY` varchar(45) DEFAULT NULL,
  `STATE_PROVINCE` varchar(45) DEFAULT NULL,
  `HOME_TELEPHONE` varchar(45) DEFAULT NULL,
  `MOBILE` varchar(45) DEFAULT NULL,
  `WORK_TELEPHONE` varchar(45) DEFAULT NULL,
  `WORK_EMAIL` varchar(45) DEFAULT NULL,
  `OTHER_EMAIL` varchar(45) DEFAULT NULL,
  `CONTACT_DETAILS_TYPE_ID` int(11) DEFAULT NULL,
  `COUNTRY_ID` int(11) DEFAULT NULL,
  `EMPLOYEE_ID` int(11) DEFAULT NULL,
  PRIMARY KEY (`ID`),
  KEY `fk_CONTACT_DETAILS_CONTACT_DETAILS_TYPE1_idx` (`CONTACT_DETAILS_TYPE_ID`),
  KEY `fk_CONTACT_DETAILS_COUNTRY1_idx` (`COUNTRY_ID`),
  KEY `fk_CONTACT_DETAILS_EMPLOYEE1_idx` (`EMPLOYEE_ID`),
  CONSTRAINT `fk_CONTACT_DETAILS_CONTACT_DETAILS_TYPE1` FOREIGN KEY (`CONTACT_DETAILS_TYPE_ID`) REFERENCES `CONTACT_DETAILS_TYPE` (`ID`) ON DELETE NO ACTION ON UPDATE NO ACTION,
  CONSTRAINT `fk_CONTACT_DETAILS_COUNTRY1` FOREIGN KEY (`COUNTRY_ID`) REFERENCES `COUNTRY` (`ID`) ON DELETE NO ACTION ON UPDATE NO ACTION,
  CONSTRAINT `fk_CONTACT_DETAILS_EMPLOYEE1` FOREIGN KEY (`EMPLOYEE_ID`) REFERENCES `EMPLOYEE` (`ID`) ON DELETE NO ACTION ON UPDATE NO ACTION
) ENGINE=InnoDB AUTO_INCREMENT=12 DEFAULT CHARSET=latin1;

/*Data for the table `CONTACT_DETAILS` */

insert  into `CONTACT_DETAILS`(`ID`,`ADDRESS_STREET_1`,`ADDRESS_STREET_2`,`CITY`,`STATE_PROVINCE`,`HOME_TELEPHONE`,`MOBILE`,`WORK_TELEPHONE`,`WORK_EMAIL`,`OTHER_EMAIL`,`CONTACT_DETAILS_TYPE_ID`,`COUNTRY_ID`,`EMPLOYEE_ID`) values (1,'Rasuna Said, Kuningan','No 33Y','Jakarta','DKI Jakarta','081322133660','0817211431',NULL,'edward.fer@outlook.com','edward.fer@gmail.com',1,2,1),(10,'Rasuna Said, Kuningan','','','','','',NULL,'081948279283','',1,1,17),(11,'','','','','','',NULL,'','',1,2,18);

/*Table structure for table `CONTACT_DETAILS_TYPE` */

DROP TABLE IF EXISTS `CONTACT_DETAILS_TYPE`;

CREATE TABLE `CONTACT_DETAILS_TYPE` (
  `ID` int(11) NOT NULL AUTO_INCREMENT,
  `NAME` varchar(45) DEFAULT NULL,
  `CODE` varchar(45) DEFAULT NULL,
  PRIMARY KEY (`ID`)
) ENGINE=InnoDB AUTO_INCREMENT=3 DEFAULT CHARSET=latin1;

/*Data for the table `CONTACT_DETAILS_TYPE` */

insert  into `CONTACT_DETAILS_TYPE`(`ID`,`NAME`,`CODE`) values (1,'Personal Contact Details','Personal Contact Details'),(2,'Emergency Contact','Emergency Contact');

/*Table structure for table `COUNTRY` */

DROP TABLE IF EXISTS `COUNTRY`;

CREATE TABLE `COUNTRY` (
  `ID` int(11) NOT NULL AUTO_INCREMENT,
  `NAME` varchar(45) DEFAULT NULL,
  `CODE` varchar(45) DEFAULT NULL,
  PRIMARY KEY (`ID`)
) ENGINE=InnoDB AUTO_INCREMENT=3 DEFAULT CHARSET=latin1;

/*Data for the table `COUNTRY` */

insert  into `COUNTRY`(`ID`,`NAME`,`CODE`) values (1,'Indonesia','ID'),(2,'United State Of America','USA');

/*Table structure for table `CSS_CLASS` */

DROP TABLE IF EXISTS `CSS_CLASS`;

CREATE TABLE `CSS_CLASS` (
  `ID` int(11) NOT NULL AUTO_INCREMENT,
  `NAME` varchar(45) DEFAULT NULL,
  `VALUE` text COMMENT 'Disediakan untuk Plain Text Editor',
  PRIMARY KEY (`ID`)
) ENGINE=InnoDB AUTO_INCREMENT=3 DEFAULT CHARSET=latin1;

/*Data for the table `CSS_CLASS` */

insert  into `CSS_CLASS`(`ID`,`NAME`,`VALUE`) values (1,'homeTitle','font-size: 50px;\r\ncolor: #8b4513;\r\nfont-family: arial;'),(2,'homeBody','background-color:#b0c4de;');

/*Table structure for table `CSS_PROPERTIES` */

DROP TABLE IF EXISTS `CSS_PROPERTIES`;

CREATE TABLE `CSS_PROPERTIES` (
  `ID` int(11) NOT NULL AUTO_INCREMENT,
  `NAME` varchar(45) DEFAULT NULL,
  `CODE` varchar(45) DEFAULT NULL,
  PRIMARY KEY (`ID`)
) ENGINE=InnoDB DEFAULT CHARSET=latin1;

/*Data for the table `CSS_PROPERTIES` */

/*Table structure for table `CSS_PROPERTIES_FIELDS` */

DROP TABLE IF EXISTS `CSS_PROPERTIES_FIELDS`;

CREATE TABLE `CSS_PROPERTIES_FIELDS` (
  `CSS_PROPERTIES_ID` int(11) NOT NULL,
  `FIELDS_ID` int(11) NOT NULL,
  `VALUE` varchar(255) DEFAULT NULL,
  PRIMARY KEY (`CSS_PROPERTIES_ID`,`FIELDS_ID`),
  KEY `fk_CSS_PROPERTIES_has_FIELDS_FIELDS1_idx` (`FIELDS_ID`),
  KEY `fk_CSS_PROPERTIES_has_FIELDS_CSS_PROPERTIES1_idx` (`CSS_PROPERTIES_ID`),
  CONSTRAINT `fk_CSS_PROPERTIES_has_FIELDS_CSS_PROPERTIES1` FOREIGN KEY (`CSS_PROPERTIES_ID`) REFERENCES `CSS_PROPERTIES` (`ID`) ON DELETE NO ACTION ON UPDATE NO ACTION,
  CONSTRAINT `fk_CSS_PROPERTIES_has_FIELDS_FIELDS1` FOREIGN KEY (`FIELDS_ID`) REFERENCES `FIELDS` (`ID`) ON DELETE NO ACTION ON UPDATE NO ACTION
) ENGINE=InnoDB DEFAULT CHARSET=latin1;

/*Data for the table `CSS_PROPERTIES_FIELDS` */

/*Table structure for table `CSS_VALUES` */

DROP TABLE IF EXISTS `CSS_VALUES`;

CREATE TABLE `CSS_VALUES` (
  `CSS_PROPERTIES_ID` int(11) NOT NULL,
  `CSS_CLASS_ID` int(11) NOT NULL,
  `VALUE` text,
  PRIMARY KEY (`CSS_PROPERTIES_ID`,`CSS_CLASS_ID`),
  KEY `fk_CSS_PROPERTIES_has_CSS_CLASS_CSS_CLASS1_idx` (`CSS_CLASS_ID`),
  KEY `fk_CSS_PROPERTIES_has_CSS_CLASS_CSS_PROPERTIES1_idx` (`CSS_PROPERTIES_ID`),
  CONSTRAINT `fk_CSS_PROPERTIES_has_CSS_CLASS_CSS_CLASS1` FOREIGN KEY (`CSS_CLASS_ID`) REFERENCES `CSS_CLASS` (`ID`) ON DELETE NO ACTION ON UPDATE NO ACTION,
  CONSTRAINT `fk_CSS_PROPERTIES_has_CSS_CLASS_CSS_PROPERTIES1` FOREIGN KEY (`CSS_PROPERTIES_ID`) REFERENCES `CSS_PROPERTIES` (`ID`) ON DELETE NO ACTION ON UPDATE NO ACTION
) ENGINE=InnoDB DEFAULT CHARSET=latin1;

/*Data for the table `CSS_VALUES` */

/*Table structure for table `CURRENCY` */

DROP TABLE IF EXISTS `CURRENCY`;

CREATE TABLE `CURRENCY` (
  `ID` int(11) NOT NULL AUTO_INCREMENT,
  `NAME` varchar(45) DEFAULT NULL,
  `CODE` varchar(45) DEFAULT NULL,
  PRIMARY KEY (`ID`)
) ENGINE=InnoDB DEFAULT CHARSET=latin1;

/*Data for the table `CURRENCY` */

/*Table structure for table `DAYS` */

DROP TABLE IF EXISTS `DAYS`;

CREATE TABLE `DAYS` (
  `ID` int(11) NOT NULL AUTO_INCREMENT,
  `DAY` varchar(45) DEFAULT NULL,
  `CODE` varchar(45) DEFAULT NULL,
  PRIMARY KEY (`ID`)
) ENGINE=InnoDB AUTO_INCREMENT=6 DEFAULT CHARSET=latin1;

/*Data for the table `DAYS` */

insert  into `DAYS`(`ID`,`DAY`,`CODE`) values (1,'Friday','Fri'),(2,'Sunday','Sun'),(3,'Thursday','Thu'),(4,'KALTEK','chevron!!'),(5,'HARI _CHEVRON','HARI _CHEVRON');

/*Table structure for table `DEPENDENTS` */

DROP TABLE IF EXISTS `DEPENDENTS`;

CREATE TABLE `DEPENDENTS` (
  `ID` int(11) NOT NULL AUTO_INCREMENT,
  `FIRST_NAME` varchar(45) DEFAULT NULL,
  `MIDDLE_NAME` varchar(45) DEFAULT NULL,
  `LAST_NAME` varchar(45) DEFAULT NULL,
  `DATE_OF_BIRTH` datetime DEFAULT NULL,
  `DEPENDENTS_TYPE_ID` int(11) DEFAULT NULL,
  `EMPLOYEE_ID` int(11) DEFAULT NULL,
  PRIMARY KEY (`ID`),
  KEY `fk_DEPENDENTS_DEPENDENTS_TYPE1_idx` (`DEPENDENTS_TYPE_ID`),
  KEY `fk_DEPENDENTS_EMPLOYEE1_idx` (`EMPLOYEE_ID`),
  CONSTRAINT `fk_DEPENDENTS_DEPENDENTS_TYPE1` FOREIGN KEY (`DEPENDENTS_TYPE_ID`) REFERENCES `DEPENDENTS_TYPE` (`ID`) ON DELETE NO ACTION ON UPDATE NO ACTION,
  CONSTRAINT `fk_DEPENDENTS_EMPLOYEE1` FOREIGN KEY (`EMPLOYEE_ID`) REFERENCES `EMPLOYEE` (`ID`) ON DELETE NO ACTION ON UPDATE NO ACTION
) ENGINE=InnoDB AUTO_INCREMENT=7 DEFAULT CHARSET=latin1;

/*Data for the table `DEPENDENTS` */

insert  into `DEPENDENTS`(`ID`,`FIRST_NAME`,`MIDDLE_NAME`,`LAST_NAME`,`DATE_OF_BIRTH`,`DEPENDENTS_TYPE_ID`,`EMPLOYEE_ID`) values (1,'Isaura','','Noviani','2013-05-24 00:00:00',1,1),(3,'Dependent ','Employee','2',NULL,NULL,2),(6,'ASDA!!!','','',NULL,NULL,17);

/*Table structure for table `DEPENDENTS_TYPE` */

DROP TABLE IF EXISTS `DEPENDENTS_TYPE`;

CREATE TABLE `DEPENDENTS_TYPE` (
  `ID` int(11) NOT NULL AUTO_INCREMENT,
  `NAME` varchar(45) DEFAULT NULL,
  `CODE` varchar(45) DEFAULT NULL,
  PRIMARY KEY (`ID`)
) ENGINE=InnoDB AUTO_INCREMENT=6 DEFAULT CHARSET=latin1;

/*Data for the table `DEPENDENTS_TYPE` */

insert  into `DEPENDENTS_TYPE`(`ID`,`NAME`,`CODE`) values (1,'Spouse','Spouse'),(2,'Children','Children'),(3,'Husband','Husband'),(4,'Father','Father'),(5,'Mother','Mother');

/*Table structure for table `DIRECT_DEPOSIT` */

DROP TABLE IF EXISTS `DIRECT_DEPOSIT`;

CREATE TABLE `DIRECT_DEPOSIT` (
  `ID` int(11) NOT NULL AUTO_INCREMENT,
  `ACCOUNT_NUMBER` varchar(45) DEFAULT NULL,
  `ROUTING_NUMBER` varchar(45) DEFAULT NULL,
  `AMOUNT` decimal(10,0) DEFAULT NULL,
  `SALARY_ID` int(11) DEFAULT NULL,
  PRIMARY KEY (`ID`),
  KEY `fk_DIRECT_DEPOSIT_SALARY1_idx` (`SALARY_ID`),
  CONSTRAINT `fk_DIRECT_DEPOSIT_SALARY1` FOREIGN KEY (`SALARY_ID`) REFERENCES `SALARY` (`ID`) ON DELETE NO ACTION ON UPDATE NO ACTION
) ENGINE=InnoDB DEFAULT CHARSET=latin1;

/*Data for the table `DIRECT_DEPOSIT` */

/*Table structure for table `EDUCATION` */

DROP TABLE IF EXISTS `EDUCATION`;

CREATE TABLE `EDUCATION` (
  `ID` int(11) NOT NULL AUTO_INCREMENT,
  `INSTITUTE` varchar(45) DEFAULT NULL,
  `MAJOR_SPECIALIZATION` varchar(45) DEFAULT NULL,
  `YEAR` varchar(45) DEFAULT NULL,
  `GPA_SCORE` decimal(10,0) DEFAULT NULL,
  `START_DATE` date DEFAULT NULL,
  `END_DATE` date DEFAULT NULL,
  `EDUCATION_LEVEL_ID` int(11) DEFAULT NULL,
  `EMPLOYEE_ID` int(11) DEFAULT NULL,
  PRIMARY KEY (`ID`),
  KEY `fk_EDUCATION_EDUCATION_LEVEL1_idx` (`EDUCATION_LEVEL_ID`),
  KEY `fk_EDUCATION_EMPLOYEE1_idx` (`EMPLOYEE_ID`),
  CONSTRAINT `fk_EDUCATION_EDUCATION_LEVEL1` FOREIGN KEY (`EDUCATION_LEVEL_ID`) REFERENCES `EDUCATION_LEVEL` (`ID`) ON DELETE NO ACTION ON UPDATE NO ACTION,
  CONSTRAINT `fk_EDUCATION_EMPLOYEE1` FOREIGN KEY (`EMPLOYEE_ID`) REFERENCES `EMPLOYEE` (`ID`) ON DELETE NO ACTION ON UPDATE NO ACTION
) ENGINE=InnoDB DEFAULT CHARSET=latin1;

/*Data for the table `EDUCATION` */

/*Table structure for table `EDUCATION_LEVEL` */

DROP TABLE IF EXISTS `EDUCATION_LEVEL`;

CREATE TABLE `EDUCATION_LEVEL` (
  `ID` int(11) NOT NULL AUTO_INCREMENT,
  `NAME` varchar(45) DEFAULT NULL,
  `CODE` varchar(45) DEFAULT NULL,
  PRIMARY KEY (`ID`)
) ENGINE=InnoDB DEFAULT CHARSET=latin1;

/*Data for the table `EDUCATION_LEVEL` */

/*Table structure for table `EMPLOYEE` */

DROP TABLE IF EXISTS `EMPLOYEE`;

CREATE TABLE `EMPLOYEE` (
  `ID` int(11) NOT NULL AUTO_INCREMENT,
  `FIRST_NAME` varchar(45) DEFAULT NULL,
  `MIDDLE_NAME` varchar(45) DEFAULT NULL,
  `LAST_NAME` varchar(45) DEFAULT NULL,
  `EMPLOYEE_ID` varchar(45) DEFAULT NULL,
  `USERNAME` varchar(45) DEFAULT NULL,
  `PASSWORD` varchar(255) DEFAULT NULL,
  `OTHER_ID` varchar(45) DEFAULT NULL,
  `DRIVER_LICENSE_NUMBER` varchar(45) DEFAULT NULL,
  `LICENSE_EXPIRY_DATE` datetime DEFAULT NULL,
  `GENDER` tinyint(4) DEFAULT NULL,
  `DATE_OF_BIRTH` date DEFAULT NULL,
  `MARITAL_STATUS_ID` int(11) DEFAULT NULL,
  `NATIONALITY_ID` int(11) DEFAULT NULL,
  `SUPERVISOR_ID` int(11) DEFAULT NULL,
  `REPORTING_METHOD_ID` int(11) DEFAULT NULL,
  `ROLE_ID` int(11) DEFAULT NULL,
  PRIMARY KEY (`ID`),
  KEY `fk_EMPLOYEE_MARITAL_STATUS_idx` (`MARITAL_STATUS_ID`),
  KEY `fk_EMPLOYEE_NATIONALITY1_idx` (`NATIONALITY_ID`),
  KEY `fk_EMPLOYEE_EMPLOYEE1_idx` (`SUPERVISOR_ID`),
  KEY `fk_EMPLOYEE_REPORTING_METHOD1_idx` (`REPORTING_METHOD_ID`),
  KEY `fk_EMPLOYEE_ROLE1_idx` (`ROLE_ID`),
  CONSTRAINT `fk_EMPLOYEE_EMPLOYEE1` FOREIGN KEY (`SUPERVISOR_ID`) REFERENCES `EMPLOYEE` (`ID`) ON DELETE NO ACTION ON UPDATE NO ACTION,
  CONSTRAINT `fk_EMPLOYEE_MARITAL_STATUS` FOREIGN KEY (`MARITAL_STATUS_ID`) REFERENCES `MARITAL_STATUS` (`ID`) ON DELETE NO ACTION ON UPDATE NO ACTION,
  CONSTRAINT `fk_EMPLOYEE_NATIONALITY1` FOREIGN KEY (`NATIONALITY_ID`) REFERENCES `NATIONALITY` (`ID`) ON DELETE NO ACTION ON UPDATE NO ACTION,
  CONSTRAINT `fk_EMPLOYEE_REPORTING_METHOD1` FOREIGN KEY (`REPORTING_METHOD_ID`) REFERENCES `REPORTING_METHOD` (`ID`) ON DELETE NO ACTION ON UPDATE NO ACTION,
  CONSTRAINT `fk_EMPLOYEE_ROLE1` FOREIGN KEY (`ROLE_ID`) REFERENCES `ROLE` (`ID`) ON DELETE NO ACTION ON UPDATE NO ACTION
) ENGINE=InnoDB AUTO_INCREMENT=19 DEFAULT CHARSET=latin1;

/*Data for the table `EMPLOYEE` */

insert  into `EMPLOYEE`(`ID`,`FIRST_NAME`,`MIDDLE_NAME`,`LAST_NAME`,`EMPLOYEE_ID`,`USERNAME`,`PASSWORD`,`OTHER_ID`,`DRIVER_LICENSE_NUMBER`,`LICENSE_EXPIRY_DATE`,`GENDER`,`DATE_OF_BIRTH`,`MARITAL_STATUS_ID`,`NATIONALITY_ID`,`SUPERVISOR_ID`,`REPORTING_METHOD_ID`,`ROLE_ID`) values (1,'Edward','','Sinaga','012938','',NULL,'','999829182',NULL,1,'2013-05-06',1,1,1,1,2),(2,'Employee 1','','','','','','','',NULL,0,NULL,NULL,1,NULL,NULL,NULL),(8,'Employee 2','','','','','',NULL,NULL,NULL,0,NULL,NULL,NULL,NULL,NULL,NULL),(9,'Employee 3','','','','','','','',NULL,0,NULL,1,1,10,2,NULL),(10,'Employee 4','','','','','','','',NULL,0,NULL,1,NULL,8,1,NULL),(15,'Employee 5','','','','','',NULL,NULL,NULL,0,NULL,NULL,NULL,NULL,NULL,NULL),(16,'Employee 6','','','','','',NULL,NULL,NULL,0,NULL,NULL,NULL,10,2,NULL),(17,'Employee 7','','','','','',NULL,NULL,NULL,0,NULL,NULL,NULL,16,2,NULL),(18,'ASDASDA','','','','','',NULL,NULL,NULL,0,NULL,NULL,NULL,NULL,NULL,NULL);

/*Table structure for table `EMPLOYEE_ACCESS` */

DROP TABLE IF EXISTS `EMPLOYEE_ACCESS`;

CREATE TABLE `EMPLOYEE_ACCESS` (
  `ACCSSIBLE_MODULE_ID` int(11) NOT NULL,
  `EMPLOYEE_ID` int(11) NOT NULL,
  `APPROVAL_LEVEL_ID` int(11) DEFAULT NULL,
  PRIMARY KEY (`ACCSSIBLE_MODULE_ID`,`EMPLOYEE_ID`),
  KEY `fk_ACCSSIBLE_MODULE_has_EMPLOYEE_EMPLOYEE1_idx` (`EMPLOYEE_ID`),
  KEY `fk_ACCSSIBLE_MODULE_has_EMPLOYEE_ACCSSIBLE_MODULE1_idx` (`ACCSSIBLE_MODULE_ID`),
  KEY `fk_EMPLOYEE_ACCESS_APPROVAL_LEVEL1_idx` (`APPROVAL_LEVEL_ID`),
  CONSTRAINT `fk_ACCSSIBLE_MODULE_has_EMPLOYEE_ACCSSIBLE_MODULE1` FOREIGN KEY (`ACCSSIBLE_MODULE_ID`) REFERENCES `ACCESSIBLE_MODULE` (`ID`) ON DELETE NO ACTION ON UPDATE NO ACTION,
  CONSTRAINT `fk_ACCSSIBLE_MODULE_has_EMPLOYEE_EMPLOYEE1` FOREIGN KEY (`EMPLOYEE_ID`) REFERENCES `EMPLOYEE` (`ID`) ON DELETE NO ACTION ON UPDATE NO ACTION,
  CONSTRAINT `fk_EMPLOYEE_ACCESS_APPROVAL_LEVEL1` FOREIGN KEY (`APPROVAL_LEVEL_ID`) REFERENCES `APPROVAL_LEVEL` (`ID`) ON DELETE NO ACTION ON UPDATE NO ACTION
) ENGINE=InnoDB DEFAULT CHARSET=latin1;

/*Data for the table `EMPLOYEE_ACCESS` */

/*Table structure for table `EMPLOYEE_LEAVES` */

DROP TABLE IF EXISTS `EMPLOYEE_LEAVES`;

CREATE TABLE `EMPLOYEE_LEAVES` (
  `ID` int(11) NOT NULL AUTO_INCREMENT,
  `LEAVE_ALLOCATION` tinyint(4) DEFAULT NULL,
  `LEAVE_TYPES_ID` int(11) DEFAULT NULL,
  `EMPLOYEE_ID` int(11) DEFAULT NULL,
  PRIMARY KEY (`ID`),
  KEY `fk_EMPLOYEE_LEAVES_LEAVE_TYPES1` (`LEAVE_TYPES_ID`),
  KEY `fk_EMPLOYEE_LEAVES_EMPLOYEE1` (`EMPLOYEE_ID`),
  CONSTRAINT `fk_EMPLOYEE_LEAVES_EMPLOYEE1` FOREIGN KEY (`EMPLOYEE_ID`) REFERENCES `EMPLOYEE` (`ID`) ON DELETE NO ACTION ON UPDATE NO ACTION,
  CONSTRAINT `fk_EMPLOYEE_LEAVES_LEAVE_TYPES1` FOREIGN KEY (`LEAVE_TYPES_ID`) REFERENCES `LEAVE_TYPES` (`ID`) ON DELETE NO ACTION ON UPDATE NO ACTION
) ENGINE=InnoDB AUTO_INCREMENT=2 DEFAULT CHARSET=latin1;

/*Data for the table `EMPLOYEE_LEAVES` */

insert  into `EMPLOYEE_LEAVES`(`ID`,`LEAVE_ALLOCATION`,`LEAVE_TYPES_ID`,`EMPLOYEE_ID`) values (1,12,1,1);

/*Table structure for table `EMPLOYEE_LEAVE_HISTORY` */

DROP TABLE IF EXISTS `EMPLOYEE_LEAVE_HISTORY`;

CREATE TABLE `EMPLOYEE_LEAVE_HISTORY` (
  `ID` int(11) NOT NULL AUTO_INCREMENT,
  `FROM_DATE` date DEFAULT NULL,
  `LEAVE_TAKEN` tinyint(4) DEFAULT NULL,
  `IS_SCHEDULED` tinyint(4) DEFAULT NULL,
  `LEAVE_PERIOD_ID` int(11) DEFAULT NULL,
  `EMPLOYEE_LEAVES_ID` int(11) DEFAULT NULL,
  `TO_DATE` date DEFAULT NULL,
  PRIMARY KEY (`ID`),
  KEY `fk_EMPLOYEE_LEAVE_HISTORY_LEAVE_PERIOD2_idx` (`LEAVE_PERIOD_ID`),
  KEY `fk_EMPLOYEE_LEAVE_HISTORY_EMPLOYEE_LEAVES1` (`EMPLOYEE_LEAVES_ID`),
  CONSTRAINT `fk_EMPLOYEE_LEAVE_HISTORY_EMPLOYEE_LEAVES1` FOREIGN KEY (`EMPLOYEE_LEAVES_ID`) REFERENCES `EMPLOYEE_LEAVES` (`ID`) ON DELETE NO ACTION ON UPDATE NO ACTION,
  CONSTRAINT `fk_EMPLOYEE_LEAVE_HISTORY_LEAVE_PERIOD2` FOREIGN KEY (`LEAVE_PERIOD_ID`) REFERENCES `LEAVE_PERIOD` (`ID`) ON DELETE NO ACTION ON UPDATE NO ACTION
) ENGINE=InnoDB AUTO_INCREMENT=4 DEFAULT CHARSET=latin1;

/*Data for the table `EMPLOYEE_LEAVE_HISTORY` */

insert  into `EMPLOYEE_LEAVE_HISTORY`(`ID`,`FROM_DATE`,`LEAVE_TAKEN`,`IS_SCHEDULED`,`LEAVE_PERIOD_ID`,`EMPLOYEE_LEAVES_ID`,`TO_DATE`) values (3,'2013-07-05',NULL,NULL,NULL,1,'2013-08-05');

/*Table structure for table `EMPLOYMENT_STATUS` */

DROP TABLE IF EXISTS `EMPLOYMENT_STATUS`;

CREATE TABLE `EMPLOYMENT_STATUS` (
  `ID` int(11) NOT NULL AUTO_INCREMENT,
  `NAME` varchar(45) DEFAULT NULL,
  `CODE` varchar(45) DEFAULT NULL,
  PRIMARY KEY (`ID`)
) ENGINE=InnoDB AUTO_INCREMENT=3 DEFAULT CHARSET=latin1;

/*Data for the table `EMPLOYMENT_STATUS` */

insert  into `EMPLOYMENT_STATUS`(`ID`,`NAME`,`CODE`) values (1,'Permanent','Permanent'),(2,'Contract Based','Contract Based');

/*Table structure for table `FIELDS` */

DROP TABLE IF EXISTS `FIELDS`;

CREATE TABLE `FIELDS` (
  `ID` int(11) NOT NULL AUTO_INCREMENT,
  `NAME` varchar(45) DEFAULT NULL,
  `IS_ACTIVE` tinyint(4) DEFAULT NULL,
  `IS_VISIBLE` tinyint(4) DEFAULT NULL,
  `IS_DELETABLE` tinyint(4) DEFAULT NULL,
  `IS_ADDITIONAL` tinyint(4) DEFAULT NULL,
  `COOR_X` int(11) DEFAULT NULL,
  `COOR_Y` int(11) DEFAULT NULL,
  `ACCSSIBLE_MODULE_ID` int(11) DEFAULT NULL,
  `FIELDS_TYPE_ID` int(11) DEFAULT NULL,
  PRIMARY KEY (`ID`),
  KEY `fk_OPTIONAL_FIELDS_ACCSSIBLE_MODULE1_idx` (`ACCSSIBLE_MODULE_ID`),
  KEY `fk_FIELDS_FIELDS_TYPE1_idx` (`FIELDS_TYPE_ID`),
  CONSTRAINT `fk_FIELDS_FIELDS_TYPE1` FOREIGN KEY (`FIELDS_TYPE_ID`) REFERENCES `FIELDS_TYPE` (`ID`) ON DELETE NO ACTION ON UPDATE NO ACTION,
  CONSTRAINT `fk_OPTIONAL_FIELDS_ACCSSIBLE_MODULE1` FOREIGN KEY (`ACCSSIBLE_MODULE_ID`) REFERENCES `ACCESSIBLE_MODULE` (`ID`) ON DELETE NO ACTION ON UPDATE NO ACTION
) ENGINE=InnoDB AUTO_INCREMENT=41 DEFAULT CHARSET=latin1;

/*Data for the table `FIELDS` */

insert  into `FIELDS`(`ID`,`NAME`,`IS_ACTIVE`,`IS_VISIBLE`,`IS_DELETABLE`,`IS_ADDITIONAL`,`COOR_X`,`COOR_Y`,`ACCSSIBLE_MODULE_ID`,`FIELDS_TYPE_ID`) values (1,'code',1,1,0,0,0,0,1,3),(19,'isActive',1,1,1,0,0,0,4,7),(20,'isVisible',1,1,1,0,0,0,4,7),(21,'name',1,1,1,0,0,0,4,3),(22,'fieldsAdditional',0,0,0,1,0,0,2,3),(23,'maritalStatus',NULL,NULL,NULL,0,0,0,2,5),(24,'nationality',NULL,NULL,NULL,0,0,0,2,5),(25,'role',NULL,NULL,NULL,0,0,0,2,5),(26,'name',NULL,NULL,NULL,0,520,30,5,3),(27,'code',NULL,NULL,NULL,0,0,10,5,3),(28,'name',NULL,NULL,NULL,0,20,30,6,3),(29,'code',NULL,NULL,NULL,0,350,50,6,3),(30,'Additional 2',0,0,0,1,0,0,2,3),(31,'DAYS_ADDITIONAL',0,0,0,1,0,0,1,3),(32,'U/ Language',0,0,0,1,0,0,3,3),(33,'ER',0,0,0,0,0,0,3,3),(34,'name',NULL,NULL,NULL,0,0,30,NULL,3),(35,'value',NULL,NULL,NULL,0,390,30,NULL,1),(36,'day',NULL,NULL,NULL,0,360,60,1,3),(37,'code',NULL,NULL,NULL,0,260,60,NULL,3),(38,'code',NULL,NULL,NULL,0,360,50,NULL,3),(39,'name',NULL,NULL,NULL,0,580,40,3,3),(40,'code',NULL,NULL,NULL,0,380,-40,3,3);

/*Table structure for table `FIELDS_ATTRIBUTES` */

DROP TABLE IF EXISTS `FIELDS_ATTRIBUTES`;

CREATE TABLE `FIELDS_ATTRIBUTES` (
  `ATTRIBUTES_MAPPING_ID` int(11) NOT NULL,
  `FIELDS_ID` int(11) NOT NULL,
  `VALUES` text,
  PRIMARY KEY (`ATTRIBUTES_MAPPING_ID`,`FIELDS_ID`),
  KEY `fk_ATTRIBUTES_MAPPING_has_FIELDS_FIELDS1_idx` (`FIELDS_ID`),
  KEY `fk_ATTRIBUTES_MAPPING_has_FIELDS_ATTRIBUTES_MAPPING1_idx` (`ATTRIBUTES_MAPPING_ID`),
  CONSTRAINT `fk_ATTRIBUTES_MAPPING_has_FIELDS_ATTRIBUTES_MAPPING1` FOREIGN KEY (`ATTRIBUTES_MAPPING_ID`) REFERENCES `HTML_ATTRIBUTES_MAPPING` (`ID`) ON DELETE NO ACTION ON UPDATE NO ACTION,
  CONSTRAINT `fk_ATTRIBUTES_MAPPING_has_FIELDS_FIELDS1` FOREIGN KEY (`FIELDS_ID`) REFERENCES `FIELDS` (`ID`) ON DELETE NO ACTION ON UPDATE NO ACTION
) ENGINE=InnoDB DEFAULT CHARSET=latin1;

/*Data for the table `FIELDS_ATTRIBUTES` */

/*Table structure for table `FIELDS_JS_SCRIPT` */

DROP TABLE IF EXISTS `FIELDS_JS_SCRIPT`;

CREATE TABLE `FIELDS_JS_SCRIPT` (
  `FIELDS_ID` int(11) NOT NULL,
  `JS_ID` int(11) NOT NULL,
  `JS_EVENT_ID` int(11) DEFAULT NULL,
  PRIMARY KEY (`FIELDS_ID`,`JS_ID`),
  KEY `fk_FIELDS_has_JS_JS1_idx` (`JS_ID`),
  KEY `fk_FIELDS_has_JS_FIELDS1_idx` (`FIELDS_ID`),
  KEY `fk_FIELDS_JS_SCRIPT_JS_EVENT1_idx` (`JS_EVENT_ID`),
  CONSTRAINT `fk_FIELDS_has_JS_FIELDS1` FOREIGN KEY (`FIELDS_ID`) REFERENCES `FIELDS` (`ID`) ON DELETE NO ACTION ON UPDATE NO ACTION,
  CONSTRAINT `fk_FIELDS_has_JS_JS1` FOREIGN KEY (`JS_ID`) REFERENCES `JS` (`ID`) ON DELETE NO ACTION ON UPDATE NO ACTION,
  CONSTRAINT `fk_FIELDS_JS_SCRIPT_JS_EVENT1` FOREIGN KEY (`JS_EVENT_ID`) REFERENCES `JS_EVENT` (`ID`) ON DELETE NO ACTION ON UPDATE NO ACTION
) ENGINE=InnoDB DEFAULT CHARSET=latin1;

/*Data for the table `FIELDS_JS_SCRIPT` */

/*Table structure for table `FIELDS_TYPE` */

DROP TABLE IF EXISTS `FIELDS_TYPE`;

CREATE TABLE `FIELDS_TYPE` (
  `ID` int(11) NOT NULL AUTO_INCREMENT,
  `NAME` varchar(45) DEFAULT NULL,
  `CODE` varchar(45) DEFAULT NULL,
  PRIMARY KEY (`ID`)
) ENGINE=InnoDB AUTO_INCREMENT=8 DEFAULT CHARSET=latin1;

/*Data for the table `FIELDS_TYPE` */

insert  into `FIELDS_TYPE`(`ID`,`NAME`,`CODE`) values (1,'TEXTAREA','TA'),(2,'LABEL','LBL'),(3,'TEXT','TF'),(4,'PASSWORD','PWD'),(5,'POPUP','PU'),(6,'DATE','DT'),(7,'CHECKBOX','CB');

/*Table structure for table `FIELDS_VALUE` */

DROP TABLE IF EXISTS `FIELDS_VALUE`;

CREATE TABLE `FIELDS_VALUE` (
  `ID` int(11) NOT NULL AUTO_INCREMENT,
  `VALUE` text,
  `FIELDS_ID` int(11) DEFAULT NULL,
  `ENTITY_ID` int(11) DEFAULT NULL,
  PRIMARY KEY (`ID`),
  KEY `fk_FIELDS_VALUE_FIELDS1_idx` (`FIELDS_ID`),
  CONSTRAINT `fk_FIELDS_VALUE_FIELDS1` FOREIGN KEY (`FIELDS_ID`) REFERENCES `FIELDS` (`ID`) ON DELETE NO ACTION ON UPDATE NO ACTION
) ENGINE=InnoDB AUTO_INCREMENT=11 DEFAULT CHARSET=latin1;

/*Data for the table `FIELDS_VALUE` */

insert  into `FIELDS_VALUE`(`ID`,`VALUE`,`FIELDS_ID`,`ENTITY_ID`) values (1,'value nya!',22,NULL),(2,'bisa gak?',30,NULL),(7,'HARI_CHEVRON_ADDITIONAL',31,5),(8,'FRIDAY_ADDITIONAL',31,1),(10,'HALAGH',32,1);

/*Table structure for table `HOLIDAYS` */

DROP TABLE IF EXISTS `HOLIDAYS`;

CREATE TABLE `HOLIDAYS` (
  `ID` int(11) NOT NULL AUTO_INCREMENT,
  `DATE` date DEFAULT NULL,
  `REPEATS_ANNUALY` tinyint(4) DEFAULT NULL,
  `LEAVE_PERIOD_ID` int(11) DEFAULT NULL,
  `WORK_TIME_UNIT_ID` int(11) DEFAULT NULL,
  PRIMARY KEY (`ID`),
  KEY `fk_HOLIDAYS_LEAVE_PERIOD1_idx` (`LEAVE_PERIOD_ID`),
  KEY `fk_HOLIDAYS_WORK_TIME_UNIT1_idx` (`WORK_TIME_UNIT_ID`),
  CONSTRAINT `fk_HOLIDAYS_LEAVE_PERIOD1` FOREIGN KEY (`LEAVE_PERIOD_ID`) REFERENCES `LEAVE_PERIOD` (`ID`) ON DELETE NO ACTION ON UPDATE NO ACTION,
  CONSTRAINT `fk_HOLIDAYS_WORK_TIME_UNIT1` FOREIGN KEY (`WORK_TIME_UNIT_ID`) REFERENCES `WORK_TIME_UNIT` (`ID`) ON DELETE NO ACTION ON UPDATE NO ACTION
) ENGINE=InnoDB AUTO_INCREMENT=2 DEFAULT CHARSET=latin1;

/*Data for the table `HOLIDAYS` */

insert  into `HOLIDAYS`(`ID`,`DATE`,`REPEATS_ANNUALY`,`LEAVE_PERIOD_ID`,`WORK_TIME_UNIT_ID`) values (1,'2013-05-15',1,1,1);

/*Table structure for table `HTML_ATTRIBUTES` */

DROP TABLE IF EXISTS `HTML_ATTRIBUTES`;

CREATE TABLE `HTML_ATTRIBUTES` (
  `ID` int(11) NOT NULL AUTO_INCREMENT,
  `NAME` varchar(45) DEFAULT NULL,
  PRIMARY KEY (`ID`)
) ENGINE=InnoDB DEFAULT CHARSET=latin1;

/*Data for the table `HTML_ATTRIBUTES` */

/*Table structure for table `HTML_ATTRIBUTES_MAPPING` */

DROP TABLE IF EXISTS `HTML_ATTRIBUTES_MAPPING`;

CREATE TABLE `HTML_ATTRIBUTES_MAPPING` (
  `ID` int(11) NOT NULL AUTO_INCREMENT,
  `FIELDS_ATTRIBUTES_ID` int(11) NOT NULL,
  `FIELDS_TYPE_ID` int(11) NOT NULL,
  PRIMARY KEY (`ID`),
  KEY `fk_ATTRIBUTES_MAPPING_FIELDS_ATTRIBUTES1_idx` (`FIELDS_ATTRIBUTES_ID`),
  KEY `fk_ATTRIBUTES_MAPPING_FIELDS_TYPE1_idx` (`FIELDS_TYPE_ID`),
  CONSTRAINT `fk_ATTRIBUTES_MAPPING_FIELDS_ATTRIBUTES1` FOREIGN KEY (`FIELDS_ATTRIBUTES_ID`) REFERENCES `HTML_ATTRIBUTES` (`ID`) ON DELETE NO ACTION ON UPDATE NO ACTION,
  CONSTRAINT `fk_ATTRIBUTES_MAPPING_FIELDS_TYPE1` FOREIGN KEY (`FIELDS_TYPE_ID`) REFERENCES `FIELDS_TYPE` (`ID`) ON DELETE NO ACTION ON UPDATE NO ACTION
) ENGINE=InnoDB DEFAULT CHARSET=latin1;

/*Data for the table `HTML_ATTRIBUTES_MAPPING` */

/*Table structure for table `I18N` */

DROP TABLE IF EXISTS `I18N`;

CREATE TABLE `I18N` (
  `ID` int(11) NOT NULL AUTO_INCREMENT,
  `KEY_CODE` varchar(255) DEFAULT NULL,
  PRIMARY KEY (`ID`)
) ENGINE=InnoDB AUTO_INCREMENT=5 DEFAULT CHARSET=latin1;

/*Data for the table `I18N` */

insert  into `I18N`(`ID`,`KEY_CODE`) values (1,'Days.day'),(2,'Days.code'),(3,'Employee.employee'),(4,'Language.code');

/*Table structure for table `IMMGIRATION_TYPE` */

DROP TABLE IF EXISTS `IMMGIRATION_TYPE`;

CREATE TABLE `IMMGIRATION_TYPE` (
  `ID` int(11) NOT NULL AUTO_INCREMENT,
  `NAME` varchar(45) DEFAULT NULL,
  `CODE` varchar(45) DEFAULT NULL,
  PRIMARY KEY (`ID`)
) ENGINE=InnoDB AUTO_INCREMENT=3 DEFAULT CHARSET=latin1;

/*Data for the table `IMMGIRATION_TYPE` */

insert  into `IMMGIRATION_TYPE`(`ID`,`NAME`,`CODE`) values (1,'VISA','VISA'),(2,'Passport','Passport');

/*Table structure for table `IMMGRATION` */

DROP TABLE IF EXISTS `IMMGRATION`;

CREATE TABLE `IMMGRATION` (
  `ID` int(11) NOT NULL AUTO_INCREMENT,
  `NUMBER` varchar(45) DEFAULT NULL,
  `ISSUED_DATE` date DEFAULT NULL,
  `EXPIRY_DATE` date DEFAULT NULL,
  `ELIGIBILITY_STATUS` varchar(45) DEFAULT NULL,
  `ELIGIBILITY_REVIEW_DATE` date DEFAULT NULL,
  `COMMENTS` varchar(255) DEFAULT NULL,
  `IMMGIRATION_TYPE_ID` int(11) DEFAULT NULL,
  `COUNTRY_ID` int(11) DEFAULT NULL,
  `EMPLOYEE_ID` int(11) DEFAULT NULL,
  PRIMARY KEY (`ID`),
  KEY `fk_IMMGRATION_IMMGIRATION_TYPE1_idx` (`IMMGIRATION_TYPE_ID`),
  KEY `fk_IMMGRATION_COUNTRY1_idx` (`COUNTRY_ID`),
  KEY `fk_IMMGRATION_EMPLOYEE1` (`EMPLOYEE_ID`),
  CONSTRAINT `fk_IMMGRATION_COUNTRY1` FOREIGN KEY (`COUNTRY_ID`) REFERENCES `COUNTRY` (`ID`) ON DELETE NO ACTION ON UPDATE NO ACTION,
  CONSTRAINT `fk_IMMGRATION_EMPLOYEE1` FOREIGN KEY (`EMPLOYEE_ID`) REFERENCES `EMPLOYEE` (`ID`) ON DELETE NO ACTION ON UPDATE NO ACTION,
  CONSTRAINT `fk_IMMGRATION_IMMGIRATION_TYPE1` FOREIGN KEY (`IMMGIRATION_TYPE_ID`) REFERENCES `IMMGIRATION_TYPE` (`ID`) ON DELETE NO ACTION ON UPDATE NO ACTION
) ENGINE=InnoDB AUTO_INCREMENT=4 DEFAULT CHARSET=latin1;

/*Data for the table `IMMGRATION` */

insert  into `IMMGRATION`(`ID`,`NUMBER`,`ISSUED_DATE`,`EXPIRY_DATE`,`ELIGIBILITY_STATUS`,`ELIGIBILITY_REVIEW_DATE`,`COMMENTS`,`IMMGIRATION_TYPE_ID`,`COUNTRY_ID`,`EMPLOYEE_ID`) values (1,'9281928','2013-05-06','2013-05-15','OK','2013-05-06','warna hijau',2,2,1),(3,'',NULL,NULL,'',NULL,'',1,2,10);

/*Table structure for table `JOB` */

DROP TABLE IF EXISTS `JOB`;

CREATE TABLE `JOB` (
  `ID` int(11) NOT NULL AUTO_INCREMENT,
  `JOIN_DATE` date DEFAULT NULL,
  `CONTRACT_START_DATE` date DEFAULT NULL,
  `CONTRACT_END_DATE` date DEFAULT NULL,
  `TERMINATION_STATUS` tinyint(4) DEFAULT NULL,
  `CONTRACT_ATTACHMENT` varchar(255) DEFAULT NULL,
  `JOB_TITLE_ID` int(11) DEFAULT NULL,
  `EMPLOYMENT_STATUS_ID` int(11) DEFAULT NULL,
  `JOB_CATEGORY_ID` int(11) DEFAULT NULL,
  `WORK_LOCATION_ID` int(11) DEFAULT NULL,
  `ORGANIZATION_UNIT_STRUCTURE_ID` int(11) DEFAULT NULL,
  `EMPLOYEE_ID` int(11) DEFAULT NULL,
  PRIMARY KEY (`ID`),
  KEY `fk_JOB_JOB_TITLE1_idx` (`JOB_TITLE_ID`),
  KEY `fk_JOB_EMPLOYMENT_STATUS1_idx` (`EMPLOYMENT_STATUS_ID`),
  KEY `fk_JOB_JOB_CATEGORY1_idx` (`JOB_CATEGORY_ID`),
  KEY `fk_JOB_WORK_LOCATION1_idx` (`WORK_LOCATION_ID`),
  KEY `fk_JOB_ORGANIZATION_UNIT_STRUCTURE1_idx` (`ORGANIZATION_UNIT_STRUCTURE_ID`),
  KEY `fk_JOB_EMPLOYEE1` (`EMPLOYEE_ID`),
  CONSTRAINT `fk_JOB_EMPLOYEE1` FOREIGN KEY (`EMPLOYEE_ID`) REFERENCES `EMPLOYEE` (`ID`) ON DELETE NO ACTION ON UPDATE NO ACTION,
  CONSTRAINT `fk_JOB_EMPLOYMENT_STATUS1` FOREIGN KEY (`EMPLOYMENT_STATUS_ID`) REFERENCES `EMPLOYMENT_STATUS` (`ID`) ON DELETE NO ACTION ON UPDATE NO ACTION,
  CONSTRAINT `fk_JOB_JOB_CATEGORY1` FOREIGN KEY (`JOB_CATEGORY_ID`) REFERENCES `JOB_CATEGORY` (`ID`) ON DELETE NO ACTION ON UPDATE NO ACTION,
  CONSTRAINT `fk_JOB_JOB_TITLE1` FOREIGN KEY (`JOB_TITLE_ID`) REFERENCES `JOB_TITLE` (`ID`) ON DELETE NO ACTION ON UPDATE NO ACTION,
  CONSTRAINT `fk_JOB_ORGANIZATION_UNIT_STRUCTURE1` FOREIGN KEY (`ORGANIZATION_UNIT_STRUCTURE_ID`) REFERENCES `ORGANIZATION_UNIT_STRUCTURE` (`ID`) ON DELETE NO ACTION ON UPDATE NO ACTION,
  CONSTRAINT `fk_JOB_WORK_LOCATION1` FOREIGN KEY (`WORK_LOCATION_ID`) REFERENCES `WORK_LOCATION` (`ID`) ON DELETE NO ACTION ON UPDATE NO ACTION
) ENGINE=InnoDB AUTO_INCREMENT=5 DEFAULT CHARSET=latin1;

/*Data for the table `JOB` */

insert  into `JOB`(`ID`,`JOIN_DATE`,`CONTRACT_START_DATE`,`CONTRACT_END_DATE`,`TERMINATION_STATUS`,`CONTRACT_ATTACHMENT`,`JOB_TITLE_ID`,`EMPLOYMENT_STATUS_ID`,`JOB_CATEGORY_ID`,`WORK_LOCATION_ID`,`ORGANIZATION_UNIT_STRUCTURE_ID`,`EMPLOYEE_ID`) values (1,'2013-05-01','2020-05-01','2020-05-01',0,'',1,1,1,1,1,1),(4,NULL,'2013-05-06',NULL,1,NULL,2,2,1,1,1,10);

/*Table structure for table `JOB_CATEGORY` */

DROP TABLE IF EXISTS `JOB_CATEGORY`;

CREATE TABLE `JOB_CATEGORY` (
  `ID` int(11) NOT NULL AUTO_INCREMENT,
  `NAME` varchar(45) DEFAULT NULL,
  `CODE` varchar(45) DEFAULT NULL,
  PRIMARY KEY (`ID`)
) ENGINE=InnoDB AUTO_INCREMENT=2 DEFAULT CHARSET=latin1;

/*Data for the table `JOB_CATEGORY` */

insert  into `JOB_CATEGORY`(`ID`,`NAME`,`CODE`) values (1,'Managerial','Managerial');

/*Table structure for table `JOB_SPECIFICATION` */

DROP TABLE IF EXISTS `JOB_SPECIFICATION`;

CREATE TABLE `JOB_SPECIFICATION` (
  `ID` int(11) NOT NULL AUTO_INCREMENT,
  `NAME` varchar(45) DEFAULT NULL,
  `URL` varchar(255) DEFAULT NULL,
  `IS_DEFAULT` tinyint(4) DEFAULT NULL,
  `JOB_TITLE_ID` int(11) DEFAULT NULL,
  PRIMARY KEY (`ID`),
  KEY `fk_JOB_SPECIFICATION_JOB_TITLE1_idx` (`JOB_TITLE_ID`),
  CONSTRAINT `fk_JOB_SPECIFICATION_JOB_TITLE1` FOREIGN KEY (`JOB_TITLE_ID`) REFERENCES `JOB_TITLE` (`ID`) ON DELETE NO ACTION ON UPDATE NO ACTION
) ENGINE=InnoDB DEFAULT CHARSET=latin1;

/*Data for the table `JOB_SPECIFICATION` */

/*Table structure for table `JOB_TITLE` */

DROP TABLE IF EXISTS `JOB_TITLE`;

CREATE TABLE `JOB_TITLE` (
  `ID` int(11) NOT NULL AUTO_INCREMENT,
  `NAME` varchar(45) DEFAULT NULL,
  `DESCRIPTION` varchar(255) DEFAULT NULL,
  `NOTE` text,
  PRIMARY KEY (`ID`)
) ENGINE=InnoDB AUTO_INCREMENT=3 DEFAULT CHARSET=latin1;

/*Data for the table `JOB_TITLE` */

insert  into `JOB_TITLE`(`ID`,`NAME`,`DESCRIPTION`,`NOTE`) values (1,'Java Developer','Java Developer',''),(2,'OB','OB','');

/*Table structure for table `JS` */

DROP TABLE IF EXISTS `JS`;

CREATE TABLE `JS` (
  `ID` int(11) NOT NULL AUTO_INCREMENT,
  `NAME` varchar(45) DEFAULT NULL,
  `SCRIPT` text,
  PRIMARY KEY (`ID`)
) ENGINE=InnoDB DEFAULT CHARSET=latin1;

/*Data for the table `JS` */

/*Table structure for table `JS_EVENT` */

DROP TABLE IF EXISTS `JS_EVENT`;

CREATE TABLE `JS_EVENT` (
  `ID` int(11) NOT NULL AUTO_INCREMENT,
  `NAME` varchar(45) DEFAULT NULL,
  PRIMARY KEY (`ID`)
) ENGINE=InnoDB DEFAULT CHARSET=latin1;

/*Data for the table `JS_EVENT` */

/*Table structure for table `L10N` */

DROP TABLE IF EXISTS `L10N`;

CREATE TABLE `L10N` (
  `ID` int(11) NOT NULL AUTO_INCREMENT,
  `NAME` varchar(45) DEFAULT NULL,
  `CODE` varchar(45) DEFAULT NULL,
  `IS_DEFAULT` tinyint(4) DEFAULT NULL,
  `L10N_TYPE_ID` int(11) DEFAULT NULL,
  PRIMARY KEY (`ID`),
  KEY `fk_L10N_L10N_TYPE1` (`L10N_TYPE_ID`),
  CONSTRAINT `fk_L10N_L10N_TYPE1` FOREIGN KEY (`L10N_TYPE_ID`) REFERENCES `L10N_TYPE` (`ID`) ON DELETE NO ACTION ON UPDATE NO ACTION
) ENGINE=InnoDB AUTO_INCREMENT=7 DEFAULT CHARSET=latin1;

/*Data for the table `L10N` */

insert  into `L10N`(`ID`,`NAME`,`CODE`,`IS_DEFAULT`,`L10N_TYPE_ID`) values (1,'Bahasa Indonesia','ID',NULL,1),(2,'English','En',1,1),(3,'French','Fr',NULL,1),(4,'Arabic','Ar',NULL,1),(5,'Bahasa Batak','Btk',NULL,1),(6,'DEFAULT_DATE','dd/mm/yy',1,2);

/*Table structure for table `L10N_TYPE` */

DROP TABLE IF EXISTS `L10N_TYPE`;

CREATE TABLE `L10N_TYPE` (
  `ID` int(11) NOT NULL AUTO_INCREMENT,
  `NAME` varchar(45) DEFAULT NULL,
  PRIMARY KEY (`ID`)
) ENGINE=InnoDB AUTO_INCREMENT=3 DEFAULT CHARSET=latin1;

/*Data for the table `L10N_TYPE` */

insert  into `L10N_TYPE`(`ID`,`NAME`) values (1,'Locale'),(2,'DateFormat');

/*Table structure for table `LANGUAGE` */

DROP TABLE IF EXISTS `LANGUAGE`;

CREATE TABLE `LANGUAGE` (
  `ID` int(11) NOT NULL AUTO_INCREMENT,
  `NAME` varchar(45) DEFAULT NULL,
  `CODE` varchar(45) DEFAULT NULL,
  PRIMARY KEY (`ID`)
) ENGINE=InnoDB AUTO_INCREMENT=2 DEFAULT CHARSET=latin1;

/*Data for the table `LANGUAGE` */

insert  into `LANGUAGE`(`ID`,`NAME`,`CODE`) values (1,'Indonesian','ID');

/*Table structure for table `LANGUAGES` */

DROP TABLE IF EXISTS `LANGUAGES`;

CREATE TABLE `LANGUAGES` (
  `ID` int(11) NOT NULL AUTO_INCREMENT,
  `NOTE` text,
  `LANGUAGE_COMPETENCY_ID` int(11) DEFAULT NULL,
  `LANGUAGE_FLUENCY_ID` int(11) DEFAULT NULL,
  `LANGUAGE_ID` int(11) DEFAULT NULL,
  `EMPLOYEE_ID` int(11) DEFAULT NULL,
  PRIMARY KEY (`ID`),
  KEY `fk_LANGUAGES_LANGUAGE_COMPETENCY1_idx` (`LANGUAGE_COMPETENCY_ID`),
  KEY `fk_LANGUAGES_LANGUAGE_FLUENCY1_idx` (`LANGUAGE_FLUENCY_ID`),
  KEY `fk_LANGUAGES_LANGUAGE1_idx` (`LANGUAGE_ID`),
  KEY `fk_LANGUAGES_EMPLOYEE1_idx` (`EMPLOYEE_ID`),
  CONSTRAINT `fk_LANGUAGES_EMPLOYEE1` FOREIGN KEY (`EMPLOYEE_ID`) REFERENCES `EMPLOYEE` (`ID`) ON DELETE NO ACTION ON UPDATE NO ACTION,
  CONSTRAINT `fk_LANGUAGES_LANGUAGE1` FOREIGN KEY (`LANGUAGE_ID`) REFERENCES `LANGUAGE` (`ID`) ON DELETE NO ACTION ON UPDATE NO ACTION,
  CONSTRAINT `fk_LANGUAGES_LANGUAGE_COMPETENCY1` FOREIGN KEY (`LANGUAGE_COMPETENCY_ID`) REFERENCES `LANGUAGE_COMPETENCY` (`ID`) ON DELETE NO ACTION ON UPDATE NO ACTION,
  CONSTRAINT `fk_LANGUAGES_LANGUAGE_FLUENCY1` FOREIGN KEY (`LANGUAGE_FLUENCY_ID`) REFERENCES `LANGUAGE_FLUENCY` (`ID`) ON DELETE NO ACTION ON UPDATE NO ACTION
) ENGINE=InnoDB DEFAULT CHARSET=latin1;

/*Data for the table `LANGUAGES` */

/*Table structure for table `LANGUAGE_COMPETENCY` */

DROP TABLE IF EXISTS `LANGUAGE_COMPETENCY`;

CREATE TABLE `LANGUAGE_COMPETENCY` (
  `ID` int(11) NOT NULL AUTO_INCREMENT,
  `NAME` varchar(45) DEFAULT NULL,
  `CODE` varchar(45) DEFAULT NULL,
  PRIMARY KEY (`ID`)
) ENGINE=InnoDB DEFAULT CHARSET=latin1;

/*Data for the table `LANGUAGE_COMPETENCY` */

/*Table structure for table `LANGUAGE_FLUENCY` */

DROP TABLE IF EXISTS `LANGUAGE_FLUENCY`;

CREATE TABLE `LANGUAGE_FLUENCY` (
  `ID` int(11) NOT NULL AUTO_INCREMENT,
  `NAME` varchar(45) DEFAULT NULL,
  `CODE` varchar(45) DEFAULT NULL,
  PRIMARY KEY (`ID`)
) ENGINE=InnoDB DEFAULT CHARSET=latin1;

/*Data for the table `LANGUAGE_FLUENCY` */

/*Table structure for table `LEAVE_APPROVAL_HISTORY` */

DROP TABLE IF EXISTS `LEAVE_APPROVAL_HISTORY`;

CREATE TABLE `LEAVE_APPROVAL_HISTORY` (
  `APPROVAL_ID` int(11) NOT NULL,
  `EMPLOYEE_LEAVE_HISTORY_ID` int(11) NOT NULL,
  PRIMARY KEY (`APPROVAL_ID`,`EMPLOYEE_LEAVE_HISTORY_ID`),
  KEY `fk_APPROVAL_has_EMPLOYEE_LEAVE_HISTORY_EMPLOYEE_LEAVE_HISTO_idx` (`EMPLOYEE_LEAVE_HISTORY_ID`),
  KEY `fk_APPROVAL_has_EMPLOYEE_LEAVE_HISTORY_APPROVAL2_idx` (`APPROVAL_ID`),
  CONSTRAINT `fk_APPROVAL_has_EMPLOYEE_LEAVE_HISTORY_APPROVAL2` FOREIGN KEY (`APPROVAL_ID`) REFERENCES `APPROVAL` (`ID`) ON DELETE NO ACTION ON UPDATE NO ACTION,
  CONSTRAINT `fk_APPROVAL_has_EMPLOYEE_LEAVE_HISTORY_EMPLOYEE_LEAVE_HISTORY2` FOREIGN KEY (`EMPLOYEE_LEAVE_HISTORY_ID`) REFERENCES `EMPLOYEE_LEAVE_HISTORY` (`ID`) ON DELETE NO ACTION ON UPDATE NO ACTION
) ENGINE=InnoDB DEFAULT CHARSET=latin1;

/*Data for the table `LEAVE_APPROVAL_HISTORY` */

/*Table structure for table `LEAVE_PERIOD` */

DROP TABLE IF EXISTS `LEAVE_PERIOD`;

CREATE TABLE `LEAVE_PERIOD` (
  `ID` int(11) NOT NULL AUTO_INCREMENT,
  `NAME` varchar(45) DEFAULT NULL,
  `START_DATE` date DEFAULT NULL,
  `END_DATE` varchar(45) DEFAULT NULL,
  PRIMARY KEY (`ID`)
) ENGINE=InnoDB AUTO_INCREMENT=2 DEFAULT CHARSET=latin1;

/*Data for the table `LEAVE_PERIOD` */

insert  into `LEAVE_PERIOD`(`ID`,`NAME`,`START_DATE`,`END_DATE`) values (1,'Period 2013/2014','2013-05-01','01/05/2014');

/*Table structure for table `LEAVE_TYPES` */

DROP TABLE IF EXISTS `LEAVE_TYPES`;

CREATE TABLE `LEAVE_TYPES` (
  `ID` int(11) NOT NULL AUTO_INCREMENT,
  `NAME` varchar(45) DEFAULT NULL,
  `CODE` varchar(45) DEFAULT NULL,
  PRIMARY KEY (`ID`)
) ENGINE=InnoDB AUTO_INCREMENT=3 DEFAULT CHARSET=latin1;

/*Data for the table `LEAVE_TYPES` */

insert  into `LEAVE_TYPES`(`ID`,`NAME`,`CODE`) values (1,'Holiday','Holiday'),(2,'Sick','Sick');

/*Table structure for table `LICENSE` */

DROP TABLE IF EXISTS `LICENSE`;

CREATE TABLE `LICENSE` (
  `ID` int(11) NOT NULL AUTO_INCREMENT,
  `LICENSE_NUMBER` varchar(45) DEFAULT NULL,
  `ISSUED_DATE` date DEFAULT NULL,
  `EXPIRY_DATE` date DEFAULT NULL,
  `LICENSE_TYPE_ID` int(11) DEFAULT NULL,
  `EMPLOYEE_ID` int(11) DEFAULT NULL,
  PRIMARY KEY (`ID`),
  KEY `fk_LICENSE_LICENSE_TYPE1_idx` (`LICENSE_TYPE_ID`),
  KEY `fk_LICENSE_EMPLOYEE1_idx` (`EMPLOYEE_ID`),
  CONSTRAINT `fk_LICENSE_EMPLOYEE1` FOREIGN KEY (`EMPLOYEE_ID`) REFERENCES `EMPLOYEE` (`ID`) ON DELETE NO ACTION ON UPDATE NO ACTION,
  CONSTRAINT `fk_LICENSE_LICENSE_TYPE1` FOREIGN KEY (`LICENSE_TYPE_ID`) REFERENCES `LICENSE_TYPE` (`ID`) ON DELETE NO ACTION ON UPDATE NO ACTION
) ENGINE=InnoDB DEFAULT CHARSET=latin1;

/*Data for the table `LICENSE` */

/*Table structure for table `LICENSE_TYPE` */

DROP TABLE IF EXISTS `LICENSE_TYPE`;

CREATE TABLE `LICENSE_TYPE` (
  `ID` int(11) NOT NULL AUTO_INCREMENT,
  `NAME` varchar(45) DEFAULT NULL,
  `CODE` varchar(45) DEFAULT NULL,
  PRIMARY KEY (`ID`)
) ENGINE=InnoDB DEFAULT CHARSET=latin1;

/*Data for the table `LICENSE_TYPE` */

/*Table structure for table `LOG_HISTORY` */

DROP TABLE IF EXISTS `LOG_HISTORY`;

CREATE TABLE `LOG_HISTORY` (
  `ID` int(11) NOT NULL AUTO_INCREMENT,
  `LOG_MESSAGE` text,
  PRIMARY KEY (`ID`)
) ENGINE=InnoDB AUTO_INCREMENT=14 DEFAULT CHARSET=latin1;

/*Data for the table `LOG_HISTORY` */

insert  into `LOG_HISTORY`(`ID`,`LOG_MESSAGE`) values (1,'Creating new Employee :: EmployeeContext [firstName=@$WT, middleName=, lastName=, employeeId=, photograph=null, username=, password=, otherId=null, licenseDriverNumber=null, licenseExpiryDate=null, gender=null, maritalStatus=null, nationality=null, dateOfBirth=null]'),(2,'Update ContactDetails with ID 10'),(3,'Update Immgration with ID 4'),(4,'Update Immgration with ID 5'),(5,'Delete $Proxy19 with ID 5'),(6,'Update Dependents with ID 4'),(7,'Delete class $Proxy19 with ID 4'),(8,'Update Dependents with ID 5'),(9,'Delete class efs.thesis.saas.model.Dependents with ID 5'),(10,'Creating new Dependents :: EmployeeDependentsContext [entity=null, firstName=ASDASD, middleName=, lastName=, dateOfBirth=null, dependentsType=null]'),(11,'Update Dependents with ID 6'),(12,'Update Employee with ID 1'),(13,'Update Employee with ID 1');

/*Table structure for table `MARITAL_STATUS` */

DROP TABLE IF EXISTS `MARITAL_STATUS`;

CREATE TABLE `MARITAL_STATUS` (
  `ID` int(11) NOT NULL AUTO_INCREMENT,
  `NAME` varchar(45) DEFAULT NULL,
  `CODE` varchar(45) DEFAULT NULL,
  PRIMARY KEY (`ID`)
) ENGINE=InnoDB AUTO_INCREMENT=2 DEFAULT CHARSET=latin1;

/*Data for the table `MARITAL_STATUS` */

insert  into `MARITAL_STATUS`(`ID`,`NAME`,`CODE`) values (1,'Single','Single');

/*Table structure for table `MEMBERSHIP` */

DROP TABLE IF EXISTS `MEMBERSHIP`;

CREATE TABLE `MEMBERSHIP` (
  `ID` int(11) NOT NULL AUTO_INCREMENT,
  `NAME` varchar(45) DEFAULT NULL,
  `CODE` varchar(45) DEFAULT NULL,
  PRIMARY KEY (`ID`)
) ENGINE=InnoDB DEFAULT CHARSET=latin1;

/*Data for the table `MEMBERSHIP` */

/*Table structure for table `MEMBERSHIP_PAYER` */

DROP TABLE IF EXISTS `MEMBERSHIP_PAYER`;

CREATE TABLE `MEMBERSHIP_PAYER` (
  `ID` int(11) NOT NULL AUTO_INCREMENT,
  `NAME` varchar(45) DEFAULT NULL,
  `CODE` varchar(45) DEFAULT NULL,
  PRIMARY KEY (`ID`)
) ENGINE=InnoDB DEFAULT CHARSET=latin1;

/*Data for the table `MEMBERSHIP_PAYER` */

/*Table structure for table `MODULE_GROUP` */

DROP TABLE IF EXISTS `MODULE_GROUP`;

CREATE TABLE `MODULE_GROUP` (
  `ID` int(11) NOT NULL AUTO_INCREMENT,
  `NAME` varchar(45) DEFAULT NULL,
  `GROUP` int(11) DEFAULT NULL,
  PRIMARY KEY (`ID`),
  KEY `fk_ACCESSIBLE_MODULE_GROUP_ACCESSIBLE_MODULE_GROUP1_idx` (`GROUP`),
  CONSTRAINT `fk_ACCESSIBLE_MODULE_GROUP_ACCESSIBLE_MODULE_GROUP1` FOREIGN KEY (`GROUP`) REFERENCES `MODULE_GROUP` (`ID`) ON DELETE NO ACTION ON UPDATE NO ACTION
) ENGINE=InnoDB AUTO_INCREMENT=2 DEFAULT CHARSET=latin1;

/*Data for the table `MODULE_GROUP` */

insert  into `MODULE_GROUP`(`ID`,`NAME`,`GROUP`) values (1,'Module 1',1);

/*Table structure for table `NATIONALITY` */

DROP TABLE IF EXISTS `NATIONALITY`;

CREATE TABLE `NATIONALITY` (
  `ID` int(11) NOT NULL AUTO_INCREMENT,
  `NAME` varchar(45) DEFAULT NULL,
  `CODE` varchar(45) DEFAULT NULL,
  PRIMARY KEY (`ID`)
) ENGINE=InnoDB AUTO_INCREMENT=2 DEFAULT CHARSET=latin1;

/*Data for the table `NATIONALITY` */

insert  into `NATIONALITY`(`ID`,`NAME`,`CODE`) values (1,'Indonesian','ID');

/*Table structure for table `ORGANIZATION_UNIT_STRUCTURE` */

DROP TABLE IF EXISTS `ORGANIZATION_UNIT_STRUCTURE`;

CREATE TABLE `ORGANIZATION_UNIT_STRUCTURE` (
  `ID` int(11) NOT NULL AUTO_INCREMENT,
  `CODE` varchar(45) DEFAULT NULL,
  `NAME` varchar(45) DEFAULT NULL,
  `DESCRIPTION` varchar(255) DEFAULT NULL,
  `UNIT_GROUP` int(11) DEFAULT NULL,
  PRIMARY KEY (`ID`),
  KEY `fk_ORGANIZATION_UNIT_STRUCTURE_ORGANIZATION_UNIT_STRUCTURE1_idx` (`UNIT_GROUP`),
  CONSTRAINT `fk_ORGANIZATION_UNIT_STRUCTURE_ORGANIZATION_UNIT_STRUCTURE1` FOREIGN KEY (`UNIT_GROUP`) REFERENCES `ORGANIZATION_UNIT_STRUCTURE` (`ID`) ON DELETE NO ACTION ON UPDATE NO ACTION
) ENGINE=InnoDB AUTO_INCREMENT=2 DEFAULT CHARSET=latin1;

/*Data for the table `ORGANIZATION_UNIT_STRUCTURE` */

insert  into `ORGANIZATION_UNIT_STRUCTURE`(`ID`,`CODE`,`NAME`,`DESCRIPTION`,`UNIT_GROUP`) values (1,'Unit 1','Unit 1','Unit 1',1);

/*Table structure for table `PAY_FREQUENCY` */

DROP TABLE IF EXISTS `PAY_FREQUENCY`;

CREATE TABLE `PAY_FREQUENCY` (
  `ID` int(11) NOT NULL AUTO_INCREMENT,
  `NAME` varchar(45) DEFAULT NULL,
  `CODE` varchar(45) DEFAULT NULL,
  PRIMARY KEY (`ID`)
) ENGINE=InnoDB DEFAULT CHARSET=latin1;

/*Data for the table `PAY_FREQUENCY` */

/*Table structure for table `PAY_GRADE` */

DROP TABLE IF EXISTS `PAY_GRADE`;

CREATE TABLE `PAY_GRADE` (
  `ID` int(11) NOT NULL AUTO_INCREMENT,
  `NAME` varchar(45) DEFAULT NULL,
  `CODE` varchar(45) DEFAULT NULL,
  PRIMARY KEY (`ID`)
) ENGINE=InnoDB DEFAULT CHARSET=latin1;

/*Data for the table `PAY_GRADE` */

/*Table structure for table `REPORTING_METHOD` */

DROP TABLE IF EXISTS `REPORTING_METHOD`;

CREATE TABLE `REPORTING_METHOD` (
  `ID` int(11) NOT NULL AUTO_INCREMENT,
  `NAME` varchar(45) DEFAULT NULL,
  `CODE` varchar(45) DEFAULT NULL,
  PRIMARY KEY (`ID`)
) ENGINE=InnoDB AUTO_INCREMENT=4 DEFAULT CHARSET=latin1;

/*Data for the table `REPORTING_METHOD` */

insert  into `REPORTING_METHOD`(`ID`,`NAME`,`CODE`) values (1,'Direct','Direct'),(2,'Indirect','Indirect'),(3,'Subdirect','Subdirect');

/*Table structure for table `ROLE` */

DROP TABLE IF EXISTS `ROLE`;

CREATE TABLE `ROLE` (
  `ID` int(11) NOT NULL AUTO_INCREMENT,
  `NAME` varchar(45) DEFAULT NULL,
  `CODE` varchar(45) DEFAULT NULL,
  PRIMARY KEY (`ID`)
) ENGINE=InnoDB AUTO_INCREMENT=3 DEFAULT CHARSET=latin1;

/*Data for the table `ROLE` */

insert  into `ROLE`(`ID`,`NAME`,`CODE`) values (1,'Sys Adm','System Admin'),(2,'HRD','HRD');

/*Table structure for table `SALARY` */

DROP TABLE IF EXISTS `SALARY`;

CREATE TABLE `SALARY` (
  `ID` int(11) NOT NULL AUTO_INCREMENT,
  `SALARY_COMPONENT` varchar(45) DEFAULT NULL,
  `AMOUNT` decimal(10,0) DEFAULT NULL,
  `NOTE` text,
  `PAY_GRADE_ID` int(11) DEFAULT NULL,
  `CURRENCY_ID` int(11) DEFAULT NULL,
  `PAY_FREQUENCY_ID` int(11) DEFAULT NULL,
  `EMPLOYEE_ID` int(11) DEFAULT NULL,
  PRIMARY KEY (`ID`),
  KEY `fk_SALARY_PAY_GRADE1_idx` (`PAY_GRADE_ID`),
  KEY `fk_SALARY_CURRENCY1_idx` (`CURRENCY_ID`),
  KEY `fk_SALARY_PAY_FREQUENCY1_idx` (`PAY_FREQUENCY_ID`),
  KEY `fk_SALARY_EMPLOYEE1_idx` (`EMPLOYEE_ID`),
  CONSTRAINT `fk_SALARY_CURRENCY1` FOREIGN KEY (`CURRENCY_ID`) REFERENCES `CURRENCY` (`ID`) ON DELETE NO ACTION ON UPDATE NO ACTION,
  CONSTRAINT `fk_SALARY_EMPLOYEE1` FOREIGN KEY (`EMPLOYEE_ID`) REFERENCES `EMPLOYEE` (`ID`) ON DELETE NO ACTION ON UPDATE NO ACTION,
  CONSTRAINT `fk_SALARY_PAY_FREQUENCY1` FOREIGN KEY (`PAY_FREQUENCY_ID`) REFERENCES `PAY_FREQUENCY` (`ID`) ON DELETE NO ACTION ON UPDATE NO ACTION,
  CONSTRAINT `fk_SALARY_PAY_GRADE1` FOREIGN KEY (`PAY_GRADE_ID`) REFERENCES `PAY_GRADE` (`ID`) ON DELETE NO ACTION ON UPDATE NO ACTION
) ENGINE=InnoDB DEFAULT CHARSET=latin1;

/*Data for the table `SALARY` */

/*Table structure for table `SKILLS` */

DROP TABLE IF EXISTS `SKILLS`;

CREATE TABLE `SKILLS` (
  `ID` int(11) NOT NULL AUTO_INCREMENT,
  `YEAR_OF_EXPERIENCE` smallint(6) DEFAULT NULL,
  `NOTE` text,
  `EMPLOYEE_ID` int(11) DEFAULT NULL,
  PRIMARY KEY (`ID`),
  KEY `fk_SKILLS_EMPLOYEE1_idx` (`EMPLOYEE_ID`),
  CONSTRAINT `fk_SKILLS_EMPLOYEE1` FOREIGN KEY (`EMPLOYEE_ID`) REFERENCES `EMPLOYEE` (`ID`) ON DELETE NO ACTION ON UPDATE NO ACTION
) ENGINE=InnoDB DEFAULT CHARSET=latin1;

/*Data for the table `SKILLS` */

/*Table structure for table `SUBSCRIPTION` */

DROP TABLE IF EXISTS `SUBSCRIPTION`;

CREATE TABLE `SUBSCRIPTION` (
  `ID` int(11) NOT NULL AUTO_INCREMENT,
  `SUBSCRIPTION_AMOUNT` decimal(10,0) DEFAULT NULL,
  `COMMENCE_DATE` date DEFAULT NULL,
  `RENEWAL_DATE` date DEFAULT NULL,
  `CURRENCY_ID` int(11) DEFAULT NULL,
  `MEMBERSHIP_PAYER_ID` int(11) DEFAULT NULL,
  `MEMBERSHIP_ID` int(11) DEFAULT NULL,
  `EMPLOYEE_ID` int(11) DEFAULT NULL,
  PRIMARY KEY (`ID`),
  KEY `fk_MEMBERSHIP_CURRENCY1_idx` (`CURRENCY_ID`),
  KEY `fk_MEMBERSHIP_MEMBERSHIP_PAYER1_idx` (`MEMBERSHIP_PAYER_ID`),
  KEY `fk_SUBSCRIPTION_MEMBERSHIP1_idx` (`MEMBERSHIP_ID`),
  KEY `fk_SUBSCRIPTION_EMPLOYEE1_idx` (`EMPLOYEE_ID`),
  CONSTRAINT `fk_MEMBERSHIP_CURRENCY1` FOREIGN KEY (`CURRENCY_ID`) REFERENCES `CURRENCY` (`ID`) ON DELETE NO ACTION ON UPDATE NO ACTION,
  CONSTRAINT `fk_MEMBERSHIP_MEMBERSHIP_PAYER1` FOREIGN KEY (`MEMBERSHIP_PAYER_ID`) REFERENCES `MEMBERSHIP_PAYER` (`ID`) ON DELETE NO ACTION ON UPDATE NO ACTION,
  CONSTRAINT `fk_SUBSCRIPTION_EMPLOYEE1` FOREIGN KEY (`EMPLOYEE_ID`) REFERENCES `EMPLOYEE` (`ID`) ON DELETE NO ACTION ON UPDATE NO ACTION,
  CONSTRAINT `fk_SUBSCRIPTION_MEMBERSHIP1` FOREIGN KEY (`MEMBERSHIP_ID`) REFERENCES `MEMBERSHIP` (`ID`) ON DELETE NO ACTION ON UPDATE NO ACTION
) ENGINE=InnoDB DEFAULT CHARSET=latin1;

/*Data for the table `SUBSCRIPTION` */

/*Table structure for table `TERMINATION` */

DROP TABLE IF EXISTS `TERMINATION`;

CREATE TABLE `TERMINATION` (
  `ID` int(11) NOT NULL AUTO_INCREMENT,
  `DATE` date DEFAULT NULL,
  `NOTE` text,
  `TERMINATION_REASON_ID` int(11) DEFAULT NULL,
  `JOB_ID` int(11) DEFAULT NULL,
  PRIMARY KEY (`ID`),
  KEY `fk_TERMINATION_TERMINATION_REASON1_idx` (`TERMINATION_REASON_ID`),
  KEY `fk_TERMINATION_JOB1_idx` (`JOB_ID`),
  CONSTRAINT `fk_TERMINATION_JOB1` FOREIGN KEY (`JOB_ID`) REFERENCES `JOB` (`ID`) ON DELETE NO ACTION ON UPDATE NO ACTION,
  CONSTRAINT `fk_TERMINATION_TERMINATION_REASON1` FOREIGN KEY (`TERMINATION_REASON_ID`) REFERENCES `TERMINATION_REASON` (`ID`) ON DELETE NO ACTION ON UPDATE NO ACTION
) ENGINE=InnoDB DEFAULT CHARSET=latin1;

/*Data for the table `TERMINATION` */

/*Table structure for table `TERMINATION_REASON` */

DROP TABLE IF EXISTS `TERMINATION_REASON`;

CREATE TABLE `TERMINATION_REASON` (
  `ID` int(11) NOT NULL AUTO_INCREMENT,
  `NAME` varchar(45) DEFAULT NULL,
  `CODE` varchar(45) DEFAULT NULL,
  PRIMARY KEY (`ID`)
) ENGINE=InnoDB DEFAULT CHARSET=latin1;

/*Data for the table `TERMINATION_REASON` */

/*Table structure for table `TRANSLATION` */

DROP TABLE IF EXISTS `TRANSLATION`;

CREATE TABLE `TRANSLATION` (
  `ID` int(11) NOT NULL AUTO_INCREMENT,
  `VALUE` text,
  `L10N_ID` int(11) NOT NULL,
  `I18N_ID` int(11) NOT NULL,
  PRIMARY KEY (`ID`),
  KEY `fk_TRANSLATION_L10N1` (`L10N_ID`),
  KEY `fk_TRANSLATION_I18N1` (`I18N_ID`),
  CONSTRAINT `fk_TRANSLATION_I18N1` FOREIGN KEY (`I18N_ID`) REFERENCES `I18N` (`ID`) ON DELETE NO ACTION ON UPDATE NO ACTION,
  CONSTRAINT `fk_TRANSLATION_L10N1` FOREIGN KEY (`L10N_ID`) REFERENCES `L10N` (`ID`) ON DELETE NO ACTION ON UPDATE NO ACTION
) ENGINE=InnoDB AUTO_INCREMENT=6 DEFAULT CHARSET=latin1;

/*Data for the table `TRANSLATION` */

insert  into `TRANSLATION`(`ID`,`VALUE`,`L10N_ID`,`I18N_ID`) values (1,'Hari',1,1),(2,'Day',2,1),(3,'Kode',1,2),(4,'Bos',1,3),(5,'Code Do On',5,4);

/*Table structure for table `WORK_EXPERIENCE` */

DROP TABLE IF EXISTS `WORK_EXPERIENCE`;

CREATE TABLE `WORK_EXPERIENCE` (
  `ID` int(11) NOT NULL AUTO_INCREMENT,
  `COMPANY_NAME` varchar(45) DEFAULT NULL,
  `START_DATE` date DEFAULT NULL,
  `END_DATE` date DEFAULT NULL,
  `NOTE` text,
  `EMPLOYEE_ID` int(11) DEFAULT NULL,
  PRIMARY KEY (`ID`),
  KEY `fk_WORK_EXPERIENCE_EMPLOYEE1_idx` (`EMPLOYEE_ID`),
  CONSTRAINT `fk_WORK_EXPERIENCE_EMPLOYEE1` FOREIGN KEY (`EMPLOYEE_ID`) REFERENCES `EMPLOYEE` (`ID`) ON DELETE NO ACTION ON UPDATE NO ACTION
) ENGINE=InnoDB DEFAULT CHARSET=latin1;

/*Data for the table `WORK_EXPERIENCE` */

/*Table structure for table `WORK_LOCATION` */

DROP TABLE IF EXISTS `WORK_LOCATION`;

CREATE TABLE `WORK_LOCATION` (
  `ID` int(11) NOT NULL AUTO_INCREMENT,
  `STATE_PROVINCE` varchar(45) DEFAULT NULL,
  `CITY` varchar(45) DEFAULT NULL,
  `ADDRESS` varchar(255) DEFAULT NULL,
  `ZIP_POSTAL_CODE` varchar(45) DEFAULT NULL,
  `PHONE` varchar(45) DEFAULT NULL,
  `FAX` varchar(45) DEFAULT NULL,
  `NOTE` text,
  `COUNTRY_ID` int(11) DEFAULT NULL,
  PRIMARY KEY (`ID`),
  KEY `fk_WORK_LOCATION_COUNTRY1_idx` (`COUNTRY_ID`),
  CONSTRAINT `fk_WORK_LOCATION_COUNTRY1` FOREIGN KEY (`COUNTRY_ID`) REFERENCES `COUNTRY` (`ID`) ON DELETE NO ACTION ON UPDATE NO ACTION
) ENGINE=InnoDB AUTO_INCREMENT=2 DEFAULT CHARSET=latin1;

/*Data for the table `WORK_LOCATION` */

insert  into `WORK_LOCATION`(`ID`,`STATE_PROVINCE`,`CITY`,`ADDRESS`,`ZIP_POSTAL_CODE`,`PHONE`,`FAX`,`NOTE`,`COUNTRY_ID`) values (1,'','','Menara Palma 10th Floor','','','','',2);

/*Table structure for table `WORK_TIME_UNIT` */

DROP TABLE IF EXISTS `WORK_TIME_UNIT`;

CREATE TABLE `WORK_TIME_UNIT` (
  `ID` int(11) NOT NULL AUTO_INCREMENT,
  `NAME` varchar(45) DEFAULT NULL,
  `CODE` varchar(45) DEFAULT NULL,
  PRIMARY KEY (`ID`)
) ENGINE=InnoDB AUTO_INCREMENT=4 DEFAULT CHARSET=latin1;

/*Data for the table `WORK_TIME_UNIT` */

insert  into `WORK_TIME_UNIT`(`ID`,`NAME`,`CODE`) values (1,'Full Day','Full Day'),(2,'Half Day','Half Day'),(3,'Non Working Day','Non Working Day');

/*Table structure for table `WORK_WEEK` */

DROP TABLE IF EXISTS `WORK_WEEK`;

CREATE TABLE `WORK_WEEK` (
  `ID` int(11) NOT NULL AUTO_INCREMENT,
  `NAME` varchar(45) DEFAULT NULL,
  `CODE` varchar(45) DEFAULT NULL,
  `DAYS_ID` int(11) NOT NULL,
  `WORK_TIME_UNIT_ID` int(11) NOT NULL,
  PRIMARY KEY (`ID`),
  KEY `fk_WORK_WEEK_DAYS1` (`DAYS_ID`),
  KEY `fk_WORK_WEEK_WORK_TIME_UNIT1` (`WORK_TIME_UNIT_ID`),
  CONSTRAINT `fk_WORK_WEEK_DAYS1` FOREIGN KEY (`DAYS_ID`) REFERENCES `DAYS` (`ID`) ON DELETE NO ACTION ON UPDATE NO ACTION,
  CONSTRAINT `fk_WORK_WEEK_WORK_TIME_UNIT1` FOREIGN KEY (`WORK_TIME_UNIT_ID`) REFERENCES `WORK_TIME_UNIT` (`ID`) ON DELETE NO ACTION ON UPDATE NO ACTION
) ENGINE=InnoDB AUTO_INCREMENT=2 DEFAULT CHARSET=latin1;

/*Data for the table `WORK_WEEK` */

insert  into `WORK_WEEK`(`ID`,`NAME`,`CODE`,`DAYS_ID`,`WORK_TIME_UNIT_ID`) values (1,'','',2,1);

/*!40101 SET SQL_MODE=@OLD_SQL_MODE */;
/*!40014 SET FOREIGN_KEY_CHECKS=@OLD_FOREIGN_KEY_CHECKS */;